id,name,section,provisional,country,url,image,pdf
1,ENGLISH POINTER,British and Irish Pointers and Setters,,GREAT BRITAIN,http://www.fci.be/en/nomenclature/ENGLISH-POINTER-1.html,http://www.fci.be/Nomenclature/Illustrations/001g07.jpg,http://www.fci.be/Nomenclature/Standards/001g07-en.pdf
2,ENGLISH SETTER,British and Irish Pointers and Setters,,GREAT BRITAIN,http://www.fci.be/en/nomenclature/ENGLISH-SETTER-2.html,http://www.fci.be/Nomenclature/Illustrations/002g07.jpg,http://www.fci.be/Nomenclature/Standards/002g07-en.pdf
3,KERRY BLUE TERRIER,Large and medium sized Terriers,,IRELAND,http://www.fci.be/en/nomenclature/KERRY-BLUE-TERRIER-3.html,,http://www.fci.be/Nomenclature/Standards/003g03-en.pdf
4,CAIRN TERRIER,Small sized Terriers,,GREAT BRITAIN,http://www.fci.be/en/nomenclature/CAIRN-TERRIER-4.html,http://www.fci.be/Nomenclature/Illustrations/004g03.jpg,http://www.fci.be/Nomenclature/Standards/004g03-en.pdf
5,ENGLISH COCKER SPANIEL,Flushing Dogs,,GREAT BRITAIN,http://www.fci.be/en/nomenclature/ENGLISH-COCKER-SPANIEL-5.html,http://www.fci.be/Nomenclature/Illustrations/005g08.jpg,http://www.fci.be/Nomenclature/Standards/005g08-en.pdf
6,GORDON SETTER,British and Irish Pointers and Setters,,GREAT BRITAIN,http://www.fci.be/en/nomenclature/GORDON-SETTER-6.html,http://www.fci.be/Nomenclature/Illustrations/006g07.jpg,http://www.fci.be/Nomenclature/Standards/006g07-en.pdf
7,AIREDALE TERRIER,Large and medium sized Terriers,,GREAT BRITAIN,http://www.fci.be/en/nomenclature/AIREDALE-TERRIER-7.html,http://www.fci.be/Nomenclature/Illustrations/007g03.jpg,http://www.fci.be/Nomenclature/Standards/007g03-en.pdf
8,AUSTRALIAN TERRIER,Small sized Terriers,,AUSTRALIA,http://www.fci.be/en/nomenclature/AUSTRALIAN-TERRIER-8.html,http://www.fci.be/Nomenclature/Illustrations/008g03.jpg,http://www.fci.be/Nomenclature/Standards/008g03-en.pdf
9,BEDLINGTON TERRIER,Large and medium sized Terriers,,GREAT BRITAIN,http://www.fci.be/en/nomenclature/BEDLINGTON-TERRIER-9.html,http://www.fci.be/Nomenclature/Illustrations/009g03.jpg,http://www.fci.be/Nomenclature/Standards/009g03-en.pdf
10,BORDER TERRIER,Large and medium sized Terriers,,GREAT BRITAIN,http://www.fci.be/en/nomenclature/BORDER-TERRIER-10.html,,http://www.fci.be/Nomenclature/Standards/010g03-en.pdf
11,BULL TERRIER,Bull type Terriers,,GREAT BRITAIN,http://www.fci.be/en/nomenclature/BULL-TERRIER-11.html,http://www.fci.be/Nomenclature/Illustrations/011g03.jpg,http://www.fci.be/Nomenclature/Standards/011g03-en.pdf
12,FOX TERRIER (SMOOTH),Large and medium sized Terriers,,GREAT BRITAIN,http://www.fci.be/en/nomenclature/FOX-TERRIER-SMOOTH-12.html,http://www.fci.be/Nomenclature/Illustrations/012g03.jpg,http://www.fci.be/Nomenclature/Standards/012g03-en.pdf
13,ENGLISH TOY TERRIER (BLACK &TAN),Toy Terriers,,GREAT BRITAIN,http://www.fci.be/en/nomenclature/ENGLISH-TOY-TERRIER-BLACK-TAN-13.html,http://www.fci.be/Nomenclature/Illustrations/013g03.jpg,http://www.fci.be/Nomenclature/Standards/013g03-en.pdf
14,SWEDISH VALLHUND,Nordic Watchdogs and Herders,,SWEDEN,http://www.fci.be/en/nomenclature/SWEDISH-VALLHUND-14.html,http://www.fci.be/Nomenclature/Illustrations/014g05.jpg,http://www.fci.be/Nomenclature/Standards/014g05-en.pdf
15,BELGIAN SHEPHERD DOG,Sheepdogs,,BELGIUM,http://www.fci.be/en/nomenclature/BELGIAN-SHEPHERD-DOG-15.html,,http://www.fci.be/Nomenclature/Standards/015g01-en.pdf
16,OLD ENGLISH SHEEPDOG,Sheepdogs,,GREAT BRITAIN,http://www.fci.be/en/nomenclature/OLD-ENGLISH-SHEEPDOG-16.html,http://www.fci.be/Nomenclature/Illustrations/016g01.jpg,http://www.fci.be/Nomenclature/Standards/016g01-en.pdf
17,GRIFFON NIVERNAIS,Scent hounds,,FRANCE,http://www.fci.be/en/nomenclature/GRIFFON-NIVERNAIS-17.html,http://www.fci.be/Nomenclature/Illustrations/017g06.jpg,http://www.fci.be/Nomenclature/Standards/017g06-en.pdf
19,BRIQUET GRIFFON VENDEEN,Scent hounds,,FRANCE,http://www.fci.be/en/nomenclature/BRIQUET-GRIFFON-VENDEEN-19.html,http://www.fci.be/Nomenclature/Illustrations/019g06.jpg,http://www.fci.be/Nomenclature/Standards/019g06-en.pdf
20,ARIEGEOIS,Scent hounds,,FRANCE,http://www.fci.be/en/nomenclature/ARIEGEOIS-20.html,http://www.fci.be/Nomenclature/Illustrations/020g06.jpg,http://www.fci.be/Nomenclature/Standards/020g06-en.pdf
21,GASCON SAINTONGEOIS,Scent hounds,,FRANCE,http://www.fci.be/en/nomenclature/GASCON-SAINTONGEOIS-21.html,,http://www.fci.be/Nomenclature/Standards/021g06-en.pdf
22,GREAT GASCONY BLUE,Scent hounds,,FRANCE,http://www.fci.be/en/nomenclature/GREAT-GASCONY-BLUE-22.html,http://www.fci.be/Nomenclature/Illustrations/022g06.jpg,http://www.fci.be/Nomenclature/Standards/022g06-en.pdf
24,POITEVIN,Scent hounds,,FRANCE,http://www.fci.be/en/nomenclature/POITEVIN-24.html,http://www.fci.be/Nomenclature/Illustrations/024g06.jpg,http://www.fci.be/Nomenclature/Standards/024g06-en.pdf
25,BILLY,Scent hounds,,FRANCE,http://www.fci.be/en/nomenclature/BILLY-25.html,http://www.fci.be/Nomenclature/Illustrations/025g06.jpg,http://www.fci.be/Nomenclature/Standards/025g06-en.pdf
28,ARTOIS HOUND,Scent hounds,,FRANCE,http://www.fci.be/en/nomenclature/ARTOIS-HOUND-28.html,http://www.fci.be/Nomenclature/Illustrations/028g06.jpg,http://www.fci.be/Nomenclature/Standards/028g06-en.pdf
30,PORCELAINE,Scent hounds,,FRANCE,http://www.fci.be/en/nomenclature/PORCELAINE-30.html,http://www.fci.be/Nomenclature/Illustrations/030g06.jpg,http://www.fci.be/Nomenclature/Standards/030g06-en.pdf
31,SMALL BLUE GASCONY,Scent hounds,,FRANCE,http://www.fci.be/en/nomenclature/SMALL-BLUE-GASCONY-31.html,,http://www.fci.be/Nomenclature/Standards/031g06-en.pdf
32,BLUE GASCONY GRIFFON,Scent hounds,,FRANCE,http://www.fci.be/en/nomenclature/BLUE-GASCONY-GRIFFON-32.html,,http://www.fci.be/Nomenclature/Standards/032g06-en.pdf
33,GRAND BASSET GRIFFON VENDEEN,Scent hounds,,FRANCE,http://www.fci.be/en/nomenclature/GRAND-BASSET-GRIFFON-VENDEEN-33.html,,http://www.fci.be/Nomenclature/Standards/033g06-en.pdf
34,NORMAN ARTESIEN BASSET,Scent hounds,,FRANCE,http://www.fci.be/en/nomenclature/NORMAN-ARTESIEN-BASSET-34.html,,http://www.fci.be/Nomenclature/Standards/034g06-en.pdf
35,BLUE GASCONY BASSET,Scent hounds,,FRANCE,http://www.fci.be/en/nomenclature/BLUE-GASCONY-BASSET-35.html,,http://www.fci.be/Nomenclature/Standards/035g06-en.pdf
36,BASSET FAUVE DE BRETAGNE,Scent hounds,,FRANCE,http://www.fci.be/en/nomenclature/BASSET-FAUVE-DE-BRETAGNE-36.html,,http://www.fci.be/Nomenclature/Standards/036g06-en.pdf
37,PORTUGUESE WATER DOG,Water Dogs,,PORTUGAL,http://www.fci.be/en/nomenclature/PORTUGUESE-WATER-DOG-37.html,http://www.fci.be/Nomenclature/Illustrations/037g08.jpg,http://www.fci.be/Nomenclature/Standards/037g08-en.pdf
38,WELSH CORGI (CARDIGAN),Sheepdogs,,GREAT BRITAIN,http://www.fci.be/en/nomenclature/WELSH-CORGI-CARDIGAN-38.html,http://www.fci.be/Nomenclature/Illustrations/038g01.jpg,http://www.fci.be/Nomenclature/Standards/038g01-en.pdf
39,WELSH CORGI (PEMBROKE),Sheepdogs,,GREAT BRITAIN,http://www.fci.be/en/nomenclature/WELSH-CORGI-PEMBROKE-39.html,http://www.fci.be/Nomenclature/Illustrations/039g01.jpg,http://www.fci.be/Nomenclature/Standards/039g01-en.pdf
40,IRISH SOFT COATED WHEATEN TERRIER,Large and medium sized Terriers,,IRELAND,http://www.fci.be/en/nomenclature/IRISH-SOFT-COATED-WHEATEN-TERRIER-40.html,,http://www.fci.be/Nomenclature/Standards/040g03-en.pdf
41,YUGOSLAVIAN SHEPHERD DOG - SHARPLANINA,Molossian type,,"MACEDONIA, SERBIA",http://www.fci.be/en/nomenclature/YUGOSLAVIAN-SHEPHERD-DOG-SHARPLANINA-41.html,,http://www.fci.be/Nomenclature/Standards/041g02-en.pdf
42,JÄMTHUND,Nordic Hunting Dogs,,SWEDEN,http://www.fci.be/en/nomenclature/JAMTHUND-42.html,http://www.fci.be/Nomenclature/Illustrations/042g05.jpg,http://www.fci.be/Nomenclature/Standards/042g05-en.pdf
43,BASENJI,Primitive type,,CENTRAL AFRICA,http://www.fci.be/en/nomenclature/BASENJI-43.html,,http://www.fci.be/Nomenclature/Standards/043g05-en.pdf
44,BERGER DE BEAUCE,Sheepdogs,,FRANCE,http://www.fci.be/en/nomenclature/BERGER-DE-BEAUCE-44.html,,http://www.fci.be/Nomenclature/Standards/044g01-en.pdf
45,BERNESE MOUNTAIN DOG,Swiss Mountain- and Cattledogs,,SWITZERLAND,http://www.fci.be/en/nomenclature/BERNESE-MOUNTAIN-DOG-45.html,http://www.fci.be/Nomenclature/Illustrations/045g02.jpg,http://www.fci.be/Nomenclature/Standards/045g02-en.pdf
46,APPENZELL CATTLE DOG,Swiss Mountain- and Cattledogs,,SWITZERLAND,http://www.fci.be/en/nomenclature/APPENZELL-CATTLE-DOG-46.html,,http://www.fci.be/Nomenclature/Standards/046g02-en.pdf
47,ENTLEBUCH CATTLE DOG,Swiss Mountain- and Cattledogs,,SWITZERLAND,http://www.fci.be/en/nomenclature/ENTLEBUCH-CATTLE-DOG-47.html,http://www.fci.be/Nomenclature/Illustrations/047g02.jpg,http://www.fci.be/Nomenclature/Standards/047g02-en.pdf
48,KARELIAN BEAR DOG,Nordic Hunting Dogs,,FINLAND,http://www.fci.be/en/nomenclature/KARELIAN-BEAR-DOG-48.html,http://www.fci.be/Nomenclature/Illustrations/048g05-1.jpg,http://www.fci.be/Nomenclature/Standards/048g05-en.pdf
49,FINNISH SPITZ,Nordic Hunting Dogs,,FINLAND,http://www.fci.be/en/nomenclature/FINNISH-SPITZ-49.html,http://www.fci.be/Nomenclature/Illustrations/049g05-1.jpg,http://www.fci.be/Nomenclature/Standards/049g05-en.pdf
50,NEWFOUNDLAND,Molossian type,,CANADA,http://www.fci.be/en/nomenclature/NEWFOUNDLAND-50.html,,http://www.fci.be/Nomenclature/Standards/050g02-en.pdf
51,FINNISH HOUND,Scent hounds,,FINLAND,http://www.fci.be/en/nomenclature/FINNISH-HOUND-51.html,,http://www.fci.be/Nomenclature/Standards/051g06-en.pdf
52,POLISH HOUND,Scent hounds,,POLAND,http://www.fci.be/en/nomenclature/POLISH-HOUND-52.html,http://www.fci.be/Nomenclature/Illustrations/052g06.jpg,http://www.fci.be/Nomenclature/Standards/052g06-en.pdf
53,KOMONDOR,Sheepdogs,,HUNGARY,http://www.fci.be/en/nomenclature/KOMONDOR-53.html,http://www.fci.be/Nomenclature/Illustrations/053g01.jpg,http://www.fci.be/Nomenclature/Standards/053g01-en.pdf
54,KUVASZ,Sheepdogs,,HUNGARY,http://www.fci.be/en/nomenclature/KUVASZ-54.html,http://www.fci.be/Nomenclature/Illustrations/054g01.jpg,http://www.fci.be/Nomenclature/Standards/054g01-en.pdf
55,PULI,Sheepdogs,,HUNGARY,http://www.fci.be/en/nomenclature/PULI-55.html,http://www.fci.be/Nomenclature/Illustrations/055g01.jpg,http://www.fci.be/Nomenclature/Standards/055g01-en.pdf
56,PUMI,Sheepdogs,,HUNGARY,http://www.fci.be/en/nomenclature/PUMI-56.html,http://www.fci.be/Nomenclature/Illustrations/056g01.jpg,http://www.fci.be/Nomenclature/Standards/056g01-en.pdf
57,HUNGARIAN SHORT-HAIRED POINTER (VIZSLA),Continental Pointing Dogs,,HUNGARY,http://www.fci.be/en/nomenclature/HUNGARIAN-SHORT-HAIRED-POINTER-VIZSLA-57.html,http://www.fci.be/Nomenclature/Illustrations/057g07.jpg,http://www.fci.be/Nomenclature/Standards/057g07-en.pdf
58,GREAT SWISS MOUNTAIN DOG,Swiss Mountain- and Cattledogs,,SWITZERLAND,http://www.fci.be/en/nomenclature/GREAT-SWISS-MOUNTAIN-DOG-58.html,http://www.fci.be/Nomenclature/Illustrations/058g02.jpg,http://www.fci.be/Nomenclature/Standards/058g02-en.pdf
59,SWISS HOUND,Scent hounds,,SWITZERLAND,http://www.fci.be/en/nomenclature/SWISS-HOUND-59.html,http://www.fci.be/Nomenclature/Illustrations/059g06-1.jpg,http://www.fci.be/Nomenclature/Standards/059g06-en.pdf
60,SMALL SWISS HOUND,Scent hounds,,SWITZERLAND,http://www.fci.be/en/nomenclature/SMALL-SWISS-HOUND-60.html,http://www.fci.be/Nomenclature/Illustrations/060g06-1.jpg,http://www.fci.be/Nomenclature/Standards/060g06-en.pdf
61,ST. BERNARD,Molossian type,,SWITZERLAND,http://www.fci.be/en/nomenclature/ST-BERNARD-61.html,http://www.fci.be/Nomenclature/Illustrations/061g02-1.jpg,http://www.fci.be/Nomenclature/Standards/061g02-en.pdf
62,COARSE-HAIRED STYRIAN HOUND,Scent hounds,,AUSTRIA,http://www.fci.be/en/nomenclature/COARSE-HAIRED-STYRIAN-HOUND-62.html,http://www.fci.be/Nomenclature/Illustrations/062g06.jpg,http://www.fci.be/Nomenclature/Standards/062g06-en.pdf
63,AUSTRIAN BLACK AND TAN HOUND,Scent hounds,,AUSTRIA,http://www.fci.be/en/nomenclature/AUSTRIAN-BLACK-AND-TAN-HOUND-63.html,http://www.fci.be/Nomenclature/Illustrations/063g06.jpg,http://www.fci.be/Nomenclature/Standards/063g06-en.pdf
64,AUSTRIAN  PINSCHER,Pinscher and Schnauzer type,,AUSTRIA,http://www.fci.be/en/nomenclature/AUSTRIAN-PINSCHER-64.html,,http://www.fci.be/Nomenclature/Standards/064g02-en.pdf
65,MALTESE,Bichons and related breeds,,CENTRAL MEDITERRANEAN BASIN,http://www.fci.be/en/nomenclature/MALTESE-65.html,,http://www.fci.be/Nomenclature/Standards/065g09-en.pdf
66,FAWN BRITTANY GRIFFON,Scent hounds,,FRANCE,http://www.fci.be/en/nomenclature/FAWN-BRITTANY-GRIFFON-66.html,http://www.fci.be/Nomenclature/Illustrations/066g06.jpg,http://www.fci.be/Nomenclature/Standards/066g06-en.pdf
67,PETIT BASSET GRIFFON VENDEEN,Scent hounds,,FRANCE,http://www.fci.be/en/nomenclature/PETIT-BASSET-GRIFFON-VENDEEN-67.html,,http://www.fci.be/Nomenclature/Standards/067g06-en.pdf
68,TYROLEAN HOUND,Scent hounds,,AUSTRIA,http://www.fci.be/en/nomenclature/TYROLEAN-HOUND-68.html,,http://www.fci.be/Nomenclature/Standards/068g06-en.pdf
70,LAKELAND TERRIER,Large and medium sized Terriers,,GREAT BRITAIN,http://www.fci.be/en/nomenclature/LAKELAND-TERRIER-70.html,http://www.fci.be/Nomenclature/Illustrations/070g03.jpg,http://www.fci.be/Nomenclature/Standards/070g03-en.pdf
71,MANCHESTER TERRIER,Large and medium sized Terriers,,GREAT BRITAIN,http://www.fci.be/en/nomenclature/MANCHESTER-TERRIER-71.html,http://www.fci.be/Nomenclature/Illustrations/071g03.jpg,http://www.fci.be/Nomenclature/Standards/071g03-en.pdf
72,NORWICH TERRIER,Small sized Terriers,,GREAT BRITAIN,http://www.fci.be/en/nomenclature/NORWICH-TERRIER-72.html,http://www.fci.be/Nomenclature/Illustrations/072g03.jpg,http://www.fci.be/Nomenclature/Standards/072g03-en.pdf
73,SCOTTISH TERRIER,Small sized Terriers,,GREAT BRITAIN,http://www.fci.be/en/nomenclature/SCOTTISH-TERRIER-73.html,http://www.fci.be/Nomenclature/Illustrations/073g03.jpg,http://www.fci.be/Nomenclature/Standards/073g03-en.pdf
74,SEALYHAM TERRIER,Small sized Terriers,,GREAT BRITAIN,http://www.fci.be/en/nomenclature/SEALYHAM-TERRIER-74.html,http://www.fci.be/Nomenclature/Illustrations/074g03.jpg,http://www.fci.be/Nomenclature/Standards/074g03-en.pdf
75,SKYE TERRIER,Small sized Terriers,,GREAT BRITAIN,http://www.fci.be/en/nomenclature/SKYE-TERRIER-75.html,http://www.fci.be/Nomenclature/Illustrations/075g03.jpg,http://www.fci.be/Nomenclature/Standards/075g03-en.pdf
76,STAFFORDSHIRE BULL TERRIER,Bull type Terriers,,GREAT BRITAIN,http://www.fci.be/en/nomenclature/STAFFORDSHIRE-BULL-TERRIER-76.html,http://www.fci.be/Nomenclature/Illustrations/076g03.jpg,http://www.fci.be/Nomenclature/Standards/076g03-en.pdf
77,CONTINENTAL TOY SPANIEL,Continental Toy Spaniel and Russian Toy,,"BELGIUM, FRANCE",http://www.fci.be/en/nomenclature/CONTINENTAL-TOY-SPANIEL-77.html,,http://www.fci.be/Nomenclature/Standards/077g09-en.pdf
78,WELSH TERRIER,Large and medium sized Terriers,,GREAT BRITAIN,http://www.fci.be/en/nomenclature/WELSH-TERRIER-78.html,http://www.fci.be/Nomenclature/Illustrations/078g03.jpg,http://www.fci.be/Nomenclature/Standards/078g03-en.pdf
80,GRIFFON BRUXELLOIS,Small Belgian Dogs,,BELGIUM,http://www.fci.be/en/nomenclature/GRIFFON-BRUXELLOIS-80.html,http://www.fci.be/Nomenclature/Illustrations/080g09-1.jpg,http://www.fci.be/Nomenclature/Standards/080g09-en.pdf
81,GRIFFON BELGE,Small Belgian Dogs,,BELGIUM,http://www.fci.be/en/nomenclature/GRIFFON-BELGE-81.html,,http://www.fci.be/Nomenclature/Standards/081g09-en.pdf
82,PETIT BRABANÇON,Small Belgian Dogs,,BELGIUM,http://www.fci.be/en/nomenclature/PETIT-BRABANCON-82.html,,http://www.fci.be/Nomenclature/Standards/082g09-en.pdf
83,SCHIPPERKE,Sheepdogs,,BELGIUM,http://www.fci.be/en/nomenclature/SCHIPPERKE-83.html,,http://www.fci.be/Nomenclature/Standards/083g01-en.pdf
84,BLOODHOUND,Scent hounds,,BELGIUM,http://www.fci.be/en/nomenclature/BLOODHOUND-84.html,,http://www.fci.be/Nomenclature/Standards/084g06-en.pdf
85,WEST HIGHLAND WHITE TERRIER,Small sized Terriers,,GREAT BRITAIN,http://www.fci.be/en/nomenclature/WEST-HIGHLAND-WHITE-TERRIER-85.html,http://www.fci.be/Nomenclature/Illustrations/085g03.jpg,http://www.fci.be/Nomenclature/Standards/085g03-en.pdf
86,YORKSHIRE TERRIER,Toy Terriers,,GREAT BRITAIN,http://www.fci.be/en/nomenclature/YORKSHIRE-TERRIER-86.html,http://www.fci.be/Nomenclature/Illustrations/086g03.jpg,http://www.fci.be/Nomenclature/Standards/086g03-en.pdf
87,CATALAN SHEEPDOG,Sheepdogs,,SPAIN,http://www.fci.be/en/nomenclature/CATALAN-SHEEPDOG-87.html,,http://www.fci.be/Nomenclature/Standards/087g01-en.pdf
88,SHETLAND SHEEPDOG,Sheepdogs,,GREAT BRITAIN,http://www.fci.be/en/nomenclature/SHETLAND-SHEEPDOG-88.html,http://www.fci.be/Nomenclature/Illustrations/088g01.jpg,http://www.fci.be/Nomenclature/Standards/088g01-en.pdf
89,IBIZAN PODENCO,Primitive type - Hunting Dogs,,SPAIN,http://www.fci.be/en/nomenclature/IBIZAN-PODENCO-89.html,,http://www.fci.be/Nomenclature/Standards/089g05-en.pdf
90,BURGOS POINTING DOG,Continental Pointing Dogs,,SPAIN,http://www.fci.be/en/nomenclature/BURGOS-POINTING-DOG-90.html,,http://www.fci.be/Nomenclature/Standards/090g07-en.pdf
91,SPANISH MASTIFF,Molossian type,,SPAIN,http://www.fci.be/en/nomenclature/SPANISH-MASTIFF-91.html,,http://www.fci.be/Nomenclature/Standards/091g02-en.pdf
92,PYRENEAN MASTIFF,Molossian type,,SPAIN,http://www.fci.be/en/nomenclature/PYRENEAN-MASTIFF-92.html,,http://www.fci.be/Nomenclature/Standards/092g02-en.pdf
93,PORTUGUESE SHEEPDOG,Sheepdogs,,PORTUGAL,http://www.fci.be/en/nomenclature/PORTUGUESE-SHEEPDOG-93.html,http://www.fci.be/Nomenclature/Illustrations/093g01.jpg,http://www.fci.be/Nomenclature/Standards/093g01-en.pdf
94,PORTUGUESE WARREN HOUND-PORTUGUESE PODENGO,Primitive type - Hunting Dogs,,PORTUGAL,http://www.fci.be/en/nomenclature/PORTUGUESE-WARREN-HOUND-PORTUGUESE-PODENGO-94.html,http://www.fci.be/Nomenclature/Illustrations/094g05-1.jpg,http://www.fci.be/Nomenclature/Standards/094g05-en.pdf
95,BRITTANY SPANIEL,Continental Pointing Dogs,,FRANCE,http://www.fci.be/en/nomenclature/BRITTANY-SPANIEL-95.html,http://www.fci.be/Nomenclature/Illustrations/095g07.jpg,http://www.fci.be/Nomenclature/Standards/095g07-en.pdf
96,RAFEIRO OF ALENTEJO,Molossian type,,PORTUGAL,http://www.fci.be/en/nomenclature/RAFEIRO-OF-ALENTEJO-96.html,http://www.fci.be/Nomenclature/Illustrations/096g02.jpg,http://www.fci.be/Nomenclature/Standards/096g02-en.pdf
97,GERMAN SPITZ,European Spitz,,GERMANY,http://www.fci.be/en/nomenclature/GERMAN-SPITZ-97.html,http://www.fci.be/Nomenclature/Illustrations/097g05-1.jpg,http://www.fci.be/Nomenclature/Standards/097g05-en.pdf
98,GERMAN WIRE- HAIRED POINTING DOG,Continental Pointing Dogs,,GERMANY,http://www.fci.be/en/nomenclature/GERMAN-WIRE-HAIRED-POINTING-DOG-98.html,http://www.fci.be/Nomenclature/Illustrations/098g07.jpg,http://www.fci.be/Nomenclature/Standards/098g07-en.pdf
99,WEIMARANER,Continental Pointing Dogs,,GERMANY,http://www.fci.be/en/nomenclature/WEIMARANER-99.html,,http://www.fci.be/Nomenclature/Standards/099g07-en.pdf
100,WESTPHALIAN DACHSBRACKE,Scent hounds,,GERMANY,http://www.fci.be/en/nomenclature/WESTPHALIAN-DACHSBRACKE-100.html,,http://www.fci.be/Nomenclature/Standards/100g06-en.pdf
101,FRENCH BULLDOG,Small Molossian type Dogs,,FRANCE,http://www.fci.be/en/nomenclature/FRENCH-BULLDOG-101.html,http://www.fci.be/Nomenclature/Illustrations/101g09.jpg,http://www.fci.be/Nomenclature/Standards/101g09-en.pdf
102,KLEINER MÜNSTERLÄNDER,Continental Pointing Dogs,,GERMANY,http://www.fci.be/en/nomenclature/KLEINER-MUNSTERLANDER-102.html,,http://www.fci.be/Nomenclature/Standards/102g07-en.pdf
103,GERMAN HUNTING TERRIER,Large and medium sized Terriers,,GERMANY,http://www.fci.be/en/nomenclature/GERMAN-HUNTING-TERRIER-103.html,http://www.fci.be/Nomenclature/Illustrations/103g03-1.jpg,http://www.fci.be/Nomenclature/Standards/103g03-en.pdf
104,GERMAN SPANIEL,Flushing Dogs,,GERMANY,http://www.fci.be/en/nomenclature/GERMAN-SPANIEL-104.html,http://www.fci.be/Nomenclature/Illustrations/104g08.jpg,http://www.fci.be/Nomenclature/Standards/104g08-en.pdf
105,FRENCH WATER DOG,Water Dogs,,FRANCE,http://www.fci.be/en/nomenclature/FRENCH-WATER-DOG-105.html,http://www.fci.be/Nomenclature/Illustrations/105g08.jpg,http://www.fci.be/Nomenclature/Standards/105g08-en.pdf
106,BLUE PICARDY SPANIEL,Continental Pointing Dogs,,FRANCE,http://www.fci.be/en/nomenclature/BLUE-PICARDY-SPANIEL-106.html,,http://www.fci.be/Nomenclature/Standards/106g07-en.pdf
107,WIRE-HAIRED POINTING GRIFFON KORTHALS,Continental Pointing Dogs,,FRANCE,http://www.fci.be/en/nomenclature/WIRE-HAIRED-POINTING-GRIFFON-KORTHALS-107.html,,http://www.fci.be/Nomenclature/Standards/107g07-en.pdf
108,PICARDY SPANIEL,Continental Pointing Dogs,,FRANCE,http://www.fci.be/en/nomenclature/PICARDY-SPANIEL-108.html,,http://www.fci.be/Nomenclature/Standards/108g07-en.pdf
109,CLUMBER SPANIEL,Flushing Dogs,,GREAT BRITAIN,http://www.fci.be/en/nomenclature/CLUMBER-SPANIEL-109.html,http://www.fci.be/Nomenclature/Illustrations/109g08.jpg,http://www.fci.be/Nomenclature/Standards/109g08-en.pdf
110,CURLY COATED RETRIEVER,Retrievers,,GREAT BRITAIN,http://www.fci.be/en/nomenclature/CURLY-COATED-RETRIEVER-110.html,http://www.fci.be/Nomenclature/Illustrations/110g08.jpg,http://www.fci.be/Nomenclature/Standards/110g08-en.pdf
111,GOLDEN RETRIEVER,Retrievers,,GREAT BRITAIN,http://www.fci.be/en/nomenclature/GOLDEN-RETRIEVER-111.html,,http://www.fci.be/Nomenclature/Standards/111g08-en.pdf
113,BRIARD,Sheepdogs,,FRANCE,http://www.fci.be/en/nomenclature/BRIARD-113.html,http://www.fci.be/Nomenclature/Illustrations/113g01.jpg,http://www.fci.be/Nomenclature/Standards/113g01-en.pdf
114,PONT-AUDEMER SPANIEL,Continental Pointing Dogs,,FRANCE,http://www.fci.be/en/nomenclature/PONT-AUDEMER-SPANIEL-114.html,,http://www.fci.be/Nomenclature/Standards/114g07-en.pdf
115,SAINT GERMAIN POINTER,Continental Pointing Dogs,,FRANCE,http://www.fci.be/en/nomenclature/SAINT-GERMAIN-POINTER-115.html,,http://www.fci.be/Nomenclature/Standards/115g07-en.pdf
116,DOGUE DE BORDEAUX,Molossian type,,FRANCE,http://www.fci.be/en/nomenclature/DOGUE-DE-BORDEAUX-116.html,http://www.fci.be/Nomenclature/Illustrations/116g02.jpg,http://www.fci.be/Nomenclature/Standards/116g02-en.pdf
117,DEUTSCH LANGHAAR,Continental Pointing Dogs,,GERMANY,http://www.fci.be/en/nomenclature/DEUTSCH-LANGHAAR-117.html,http://www.fci.be/Nomenclature/Illustrations/117g07.jpg,http://www.fci.be/Nomenclature/Standards/117g07-en.pdf
118,LARGE MUNSTERLANDER,Continental Pointing Dogs,,GERMANY,http://www.fci.be/en/nomenclature/LARGE-MUNSTERLANDER-118.html,http://www.fci.be/Nomenclature/Illustrations/118g07.jpg,http://www.fci.be/Nomenclature/Standards/118g07-en.pdf
119,GERMAN SHORT- HAIRED POINTING DOG,Continental Pointing Dogs,,GERMANY,http://www.fci.be/en/nomenclature/GERMAN-SHORT-HAIRED-POINTING-DOG-119.html,http://www.fci.be/Nomenclature/Illustrations/119g07.jpg,http://www.fci.be/Nomenclature/Standards/119g07-en.pdf
120,IRISH RED SETTER,British and Irish Pointers and Setters,,IRELAND,http://www.fci.be/en/nomenclature/IRISH-RED-SETTER-120.html,,http://www.fci.be/Nomenclature/Standards/120g07-en.pdf
121,FLAT COATED RETRIEVER,Retrievers,,GREAT BRITAIN,http://www.fci.be/en/nomenclature/FLAT-COATED-RETRIEVER-121.html,http://www.fci.be/Nomenclature/Illustrations/121g08.jpg,http://www.fci.be/Nomenclature/Standards/121g08-en.pdf
122,LABRADOR RETRIEVER,Retrievers,,GREAT BRITAIN,http://www.fci.be/en/nomenclature/LABRADOR-RETRIEVER-122.html,http://www.fci.be/Nomenclature/Illustrations/122g08.jpg,http://www.fci.be/Nomenclature/Standards/122g08-en.pdf
123,FIELD SPANIEL,Flushing Dogs,,GREAT BRITAIN,http://www.fci.be/en/nomenclature/FIELD-SPANIEL-123.html,http://www.fci.be/Nomenclature/Illustrations/123g08.jpg,http://www.fci.be/Nomenclature/Standards/123g08-en.pdf
124,IRISH WATER SPANIEL,Water Dogs,,IRELAND,http://www.fci.be/en/nomenclature/IRISH-WATER-SPANIEL-124.html,,http://www.fci.be/Nomenclature/Standards/124g08-en.pdf
125,ENGLISH SPRINGER SPANIEL,Flushing Dogs,,GREAT BRITAIN,http://www.fci.be/en/nomenclature/ENGLISH-SPRINGER-SPANIEL-125.html,http://www.fci.be/Nomenclature/Illustrations/125g08.jpg,http://www.fci.be/Nomenclature/Standards/125g08-en.pdf
126,WELSH SPRINGER SPANIEL,Flushing Dogs,,GREAT BRITAIN,http://www.fci.be/en/nomenclature/WELSH-SPRINGER-SPANIEL-126.html,http://www.fci.be/Nomenclature/Illustrations/126g08.jpg,http://www.fci.be/Nomenclature/Standards/126g08-en.pdf
127,SUSSEX SPANIEL,Flushing Dogs,,GREAT BRITAIN,http://www.fci.be/en/nomenclature/SUSSEX-SPANIEL-127.html,http://www.fci.be/Nomenclature/Illustrations/127g08.jpg,http://www.fci.be/Nomenclature/Standards/127g08-en.pdf
128,KING CHARLES SPANIEL,English Toy Spaniels,,GREAT BRITAIN,http://www.fci.be/en/nomenclature/KING-CHARLES-SPANIEL-128.html,http://www.fci.be/Nomenclature/Illustrations/128g09.jpg,http://www.fci.be/Nomenclature/Standards/128g09-en.pdf
129,SMÅLANDSSTÖVARE,Scent hounds,,SWEDEN,http://www.fci.be/en/nomenclature/SMALANDSSTOVARE-129.html,http://www.fci.be/Nomenclature/Illustrations/129g06.jpg,http://www.fci.be/Nomenclature/Standards/129g06-en.pdf
130,DREVER,Scent hounds,,SWEDEN,http://www.fci.be/en/nomenclature/DREVER-130.html,http://www.fci.be/Nomenclature/Illustrations/130g06.jpg,http://www.fci.be/Nomenclature/Standards/130g06-en.pdf
131,SCHILLERSTÖVARE,Scent hounds,,SWEDEN,http://www.fci.be/en/nomenclature/SCHILLERSTOVARE-131.html,http://www.fci.be/Nomenclature/Illustrations/131g06.jpg,http://www.fci.be/Nomenclature/Standards/131g06-en.pdf
132,HAMILTONSTÖVARE,Scent hounds,,SWEDEN,http://www.fci.be/en/nomenclature/HAMILTONSTOVARE-132.html,http://www.fci.be/Nomenclature/Illustrations/132g06.jpg,http://www.fci.be/Nomenclature/Standards/132g06-en.pdf
133,FRENCH POINTING DOG - GASCOGNE TYPE,Continental Pointing Dogs,,FRANCE,http://www.fci.be/en/nomenclature/FRENCH-POINTING-DOG-GASCOGNE-TYPE-133.html,,http://www.fci.be/Nomenclature/Standards/133g07-en.pdf
134,FRENCH POINTING DOG - PYRENEAN TYPE,Continental Pointing Dogs,,FRANCE,http://www.fci.be/en/nomenclature/FRENCH-POINTING-DOG-PYRENEAN-TYPE-134.html,,http://www.fci.be/Nomenclature/Standards/134g07-en.pdf
135,SWEDISH LAPPHUND,Nordic Watchdogs and Herders,,SWEDEN,http://www.fci.be/en/nomenclature/SWEDISH-LAPPHUND-135.html,,http://www.fci.be/Nomenclature/Standards/135g05-en.pdf
136,CAVALIER KING CHARLES SPANIEL,English Toy Spaniels,,GREAT BRITAIN,http://www.fci.be/en/nomenclature/CAVALIER-KING-CHARLES-SPANIEL-136.html,http://www.fci.be/Nomenclature/Illustrations/136g09.jpg,http://www.fci.be/Nomenclature/Standards/136g09-en.pdf
137,PYRENEAN MOUNTAIN DOG,Molossian type,,FRANCE,http://www.fci.be/en/nomenclature/PYRENEAN-MOUNTAIN-DOG-137.html,http://www.fci.be/Nomenclature/Illustrations/137g02.jpg,http://www.fci.be/Nomenclature/Standards/137g02-en.pdf
138,PYRENEAN SHEEPDOG - SMOOTH FACED,Sheepdogs,,FRANCE,http://www.fci.be/en/nomenclature/PYRENEAN-SHEEPDOG-SMOOTH-FACED-138.html,http://www.fci.be/Nomenclature/Illustrations/138g01.jpg,http://www.fci.be/Nomenclature/Standards/138g01-en.pdf
139,IRISH TERRIER,Large and medium sized Terriers,,IRELAND,http://www.fci.be/en/nomenclature/IRISH-TERRIER-139.html,,http://www.fci.be/Nomenclature/Standards/139g03-en.pdf
140,BOSTON TERRIER,Small Molossian type Dogs,,UNITED STATES OF AMERICA,http://www.fci.be/en/nomenclature/BOSTON-TERRIER-140.html,,http://www.fci.be/Nomenclature/Standards/140g09-en.pdf
141,LONG-HAIRED PYRENEAN SHEEPDOG,Sheepdogs,,FRANCE,http://www.fci.be/en/nomenclature/LONG-HAIRED-PYRENEAN-SHEEPDOG-141.html,http://www.fci.be/Nomenclature/Illustrations/141g01.jpg,http://www.fci.be/Nomenclature/Standards/141g01-en.pdf
142,SLOVAKIAN CHUVACH,Sheepdogs,,SLOVAKIA,http://www.fci.be/en/nomenclature/SLOVAKIAN-CHUVACH-142.html,,http://www.fci.be/Nomenclature/Standards/142g01-en.pdf
143,DOBERMANN,Pinscher and Schnauzer type,,GERMANY,http://www.fci.be/en/nomenclature/DOBERMANN-143.html,http://www.fci.be/Nomenclature/Illustrations/143g02.jpg,http://www.fci.be/Nomenclature/Standards/143g02-en.pdf
144,BOXER,Molossian type,,GERMANY,http://www.fci.be/en/nomenclature/BOXER-144.html,http://www.fci.be/Nomenclature/Illustrations/144g02.jpg,http://www.fci.be/Nomenclature/Standards/144g02-en.pdf
145,LEONBERGER,Molossian type,,GERMANY,http://www.fci.be/en/nomenclature/LEONBERGER-145.html,,http://www.fci.be/Nomenclature/Standards/145g02-en.pdf
146,RHODESIAN RIDGEBACK,Related breeds,,SOUTH AFRICA,http://www.fci.be/en/nomenclature/RHODESIAN-RIDGEBACK-146.html,,http://www.fci.be/Nomenclature/Standards/146g06-en.pdf
147,ROTTWEILER,Molossian type,,GERMANY,http://www.fci.be/en/nomenclature/ROTTWEILER-147.html,,http://www.fci.be/Nomenclature/Standards/147g02-en.pdf
148,DACHSHUND,,,GERMANY,http://www.fci.be/en/nomenclature/DACHSHUND-148.html,http://www.fci.be/Nomenclature/Illustrations/148g04-1.jpg,http://www.fci.be/Nomenclature/Standards/148g04-en.pdf
149,BULLDOG,Molossian type,,GREAT BRITAIN,http://www.fci.be/en/nomenclature/BULLDOG-149.html,http://www.fci.be/Nomenclature/Illustrations/149g02.jpg,http://www.fci.be/Nomenclature/Standards/149g02-en.pdf
150,SERBIAN HOUND,Scent hounds,,SERBIA,http://www.fci.be/en/nomenclature/SERBIAN-HOUND-150.html,http://www.fci.be/Nomenclature/Illustrations/150g06.jpg,http://www.fci.be/Nomenclature/Standards/150g06-en.pdf
151,ISTRIAN SHORT-HAIRED HOUND,Scent hounds,,CROATIA,http://www.fci.be/en/nomenclature/ISTRIAN-SHORT-HAIRED-HOUND-151.html,http://www.fci.be/Nomenclature/Illustrations/151g06.jpg,http://www.fci.be/Nomenclature/Standards/151g06-en.pdf
152,ISTRIAN WIRE-HAIRED HOUND,Scent hounds,,CROATIA,http://www.fci.be/en/nomenclature/ISTRIAN-WIRE-HAIRED-HOUND-152.html,http://www.fci.be/Nomenclature/Illustrations/152g06.jpg,http://www.fci.be/Nomenclature/Standards/152g06-en.pdf
153,DALMATIAN,Related breeds,,CROATIA,http://www.fci.be/en/nomenclature/DALMATIAN-153.html,http://www.fci.be/Nomenclature/Illustrations/153g06.jpg,http://www.fci.be/Nomenclature/Standards/153g06-en.pdf
154,POSAVATZ HOUND,Scent hounds,,CROATIA,http://www.fci.be/en/nomenclature/POSAVATZ-HOUND-154.html,http://www.fci.be/Nomenclature/Illustrations/154g06.jpg,http://www.fci.be/Nomenclature/Standards/154g06-en.pdf
155,BOSNIAN BROKEN-HAIRED HOUND - CALLED BARAK,Scent hounds,,BOSNIA AND HERZEGOVINA,http://www.fci.be/en/nomenclature/BOSNIAN-BROKEN-HAIRED-HOUND-CALLED-BARAK-155.html,http://www.fci.be/Nomenclature/Illustrations/155g06.jpg,http://www.fci.be/Nomenclature/Standards/155g06-en.pdf
156,COLLIE ROUGH,Sheepdogs,,GREAT BRITAIN,http://www.fci.be/en/nomenclature/COLLIE-ROUGH-156.html,http://www.fci.be/Nomenclature/Illustrations/156g01.jpg,http://www.fci.be/Nomenclature/Standards/156g01-en.pdf
157,BULLMASTIFF,Molossian type,,GREAT BRITAIN,http://www.fci.be/en/nomenclature/BULLMASTIFF-157.html,,http://www.fci.be/Nomenclature/Standards/157g02-en.pdf
158,GREYHOUND,Short-haired Sighthounds,,GREAT BRITAIN,http://www.fci.be/en/nomenclature/GREYHOUND-158.html,http://www.fci.be/Nomenclature/Illustrations/158g10.jpg,http://www.fci.be/Nomenclature/Standards/158g10-en.pdf
159,ENGLISH FOXHOUND,Scent hounds,,GREAT BRITAIN,http://www.fci.be/en/nomenclature/ENGLISH-FOXHOUND-159.html,,http://www.fci.be/Nomenclature/Standards/159g06-en.pdf
160,IRISH WOLFHOUND,Rough-haired Sighthounds,,IRELAND,http://www.fci.be/en/nomenclature/IRISH-WOLFHOUND-160.html,,http://www.fci.be/Nomenclature/Standards/160g10-en.pdf
161,BEAGLE,Scent hounds,,GREAT BRITAIN,http://www.fci.be/en/nomenclature/BEAGLE-161.html,http://www.fci.be/Nomenclature/Illustrations/161g06.jpg,http://www.fci.be/Nomenclature/Standards/161g06-en.pdf
162,WHIPPET,Short-haired Sighthounds,,GREAT BRITAIN,http://www.fci.be/en/nomenclature/WHIPPET-162.html,http://www.fci.be/Nomenclature/Illustrations/162g10.jpg,http://www.fci.be/Nomenclature/Standards/162g10-en.pdf
163,BASSET HOUND,Scent hounds,,GREAT BRITAIN,http://www.fci.be/en/nomenclature/BASSET-HOUND-163.html,http://www.fci.be/Nomenclature/Illustrations/163g06.jpg,http://www.fci.be/Nomenclature/Standards/163g06-en.pdf
164,DEERHOUND,Rough-haired Sighthounds,,GREAT BRITAIN,http://www.fci.be/en/nomenclature/DEERHOUND-164.html,http://www.fci.be/Nomenclature/Illustrations/164g10.jpg,http://www.fci.be/Nomenclature/Standards/164g10-en.pdf
165,ITALIAN SPINONE,Continental Pointing Dogs,,ITALY,http://www.fci.be/en/nomenclature/ITALIAN-SPINONE-165.html,,http://www.fci.be/Nomenclature/Standards/165g07-en.pdf
166,GERMAN SHEPHERD DOG,Sheepdogs,,GERMANY,http://www.fci.be/en/nomenclature/GERMAN-SHEPHERD-DOG-166.html,http://www.fci.be/Nomenclature/Illustrations/166g01-1.jpg,http://www.fci.be/Nomenclature/Standards/166g01-en.pdf
167,AMERICAN COCKER SPANIEL,Flushing Dogs,,UNITED STATES OF AMERICA,http://www.fci.be/en/nomenclature/AMERICAN-COCKER-SPANIEL-167.html,,http://www.fci.be/Nomenclature/Standards/167g08-en.pdf
168,DANDIE DINMONT TERRIER,Small sized Terriers,,GREAT BRITAIN,http://www.fci.be/en/nomenclature/DANDIE-DINMONT-TERRIER-168.html,http://www.fci.be/Nomenclature/Illustrations/168g03.jpg,http://www.fci.be/Nomenclature/Standards/168g03-en.pdf
169,FOX TERRIER (WIRE),Large and medium sized Terriers,,GREAT BRITAIN,http://www.fci.be/en/nomenclature/FOX-TERRIER-WIRE-169.html,http://www.fci.be/Nomenclature/Illustrations/169g03.jpg,http://www.fci.be/Nomenclature/Standards/169g03-en.pdf
170,CASTRO LABOREIRO DOG,Molossian type,,PORTUGAL,http://www.fci.be/en/nomenclature/CASTRO-LABOREIRO-DOG-170.html,http://www.fci.be/Nomenclature/Illustrations/170g02.jpg,http://www.fci.be/Nomenclature/Standards/170g02-en.pdf
171,BOUVIER DES ARDENNES,Cattledogs (except Swiss Cattledogs),,BELGIUM,http://www.fci.be/en/nomenclature/BOUVIER-DES-ARDENNES-171.html,,http://www.fci.be/Nomenclature/Standards/171g01-en.pdf
172,POODLE,Poodle,,FRANCE,http://www.fci.be/en/nomenclature/POODLE-172.html,http://www.fci.be/Nomenclature/Illustrations/172g09.jpg,http://www.fci.be/Nomenclature/Standards/172g09-en.pdf
173,ESTRELA MOUNTAIN DOG,Molossian type,,PORTUGAL,http://www.fci.be/en/nomenclature/ESTRELA-MOUNTAIN-DOG-173.html,http://www.fci.be/Nomenclature/Illustrations/173g02.jpg,http://www.fci.be/Nomenclature/Standards/173g02-en.pdf
175,FRENCH SPANIEL,Continental Pointing Dogs,,FRANCE,http://www.fci.be/en/nomenclature/FRENCH-SPANIEL-175.html,http://www.fci.be/Nomenclature/Illustrations/175g07.jpg,http://www.fci.be/Nomenclature/Standards/175g07-en.pdf
176,PICARDY SHEEPDOG,Sheepdogs,,FRANCE,http://www.fci.be/en/nomenclature/PICARDY-SHEEPDOG-176.html,,http://www.fci.be/Nomenclature/Standards/176g01-en.pdf
177,ARIEGE POINTING DOG,Continental Pointing Dogs,,FRANCE,http://www.fci.be/en/nomenclature/ARIEGE-POINTING-DOG-177.html,,http://www.fci.be/Nomenclature/Standards/177g07-en.pdf
179,BOURBONNAIS POINTING DOG,Continental Pointing Dogs,,FRANCE,http://www.fci.be/en/nomenclature/BOURBONNAIS-POINTING-DOG-179.html,http://www.fci.be/Nomenclature/Illustrations/179g07.jpg,http://www.fci.be/Nomenclature/Standards/179g07-en.pdf
180,AUVERGNE POINTER,Continental Pointing Dogs,,FRANCE,http://www.fci.be/en/nomenclature/AUVERGNE-POINTER-180.html,http://www.fci.be/Nomenclature/Illustrations/180g07.jpg,http://www.fci.be/Nomenclature/Standards/180g07-en.pdf
181,GIANT SCHNAUZER,Pinscher and Schnauzer type,,GERMANY,http://www.fci.be/en/nomenclature/GIANT-SCHNAUZER-181.html,http://www.fci.be/Nomenclature/Illustrations/181g02.jpg,http://www.fci.be/Nomenclature/Standards/181g02-en.pdf
182,SCHNAUZER,Pinscher and Schnauzer type,,GERMANY,http://www.fci.be/en/nomenclature/SCHNAUZER-182.html,http://www.fci.be/Nomenclature/Illustrations/182g02.jpg,http://www.fci.be/Nomenclature/Standards/182g02-en.pdf
183,MINIATURE SCHNAUZER,Pinscher and Schnauzer type,,GERMANY,http://www.fci.be/en/nomenclature/MINIATURE-SCHNAUZER-183.html,http://www.fci.be/Nomenclature/Illustrations/183g02.jpg,http://www.fci.be/Nomenclature/Standards/183g02-en.pdf
184,GERMAN PINSCHER,Pinscher and Schnauzer type,,GERMANY,http://www.fci.be/en/nomenclature/GERMAN-PINSCHER-184.html,http://www.fci.be/Nomenclature/Illustrations/184g02.jpg,http://www.fci.be/Nomenclature/Standards/184g02-en.pdf
185,MINIATURE PINSCHER,Pinscher and Schnauzer type,,GERMANY,http://www.fci.be/en/nomenclature/MINIATURE-PINSCHER-185.html,http://www.fci.be/Nomenclature/Illustrations/185g02.jpg,http://www.fci.be/Nomenclature/Standards/185g02-en.pdf
186,AFFENPINSCHER,Pinscher and Schnauzer type,,GERMANY,http://www.fci.be/en/nomenclature/AFFENPINSCHER-186.html,http://www.fci.be/Nomenclature/Illustrations/186g02.jpg,http://www.fci.be/Nomenclature/Standards/186g02-en.pdf
187,PORTUGUESE POINTING DOG,Continental Pointing Dogs,,PORTUGAL,http://www.fci.be/en/nomenclature/PORTUGUESE-POINTING-DOG-187.html,http://www.fci.be/Nomenclature/Illustrations/187g07.jpg,http://www.fci.be/Nomenclature/Standards/187g07-en.pdf
188,SLOUGHI,Short-haired Sighthounds,,MOROCCO,http://www.fci.be/en/nomenclature/SLOUGHI-188.html,,http://www.fci.be/Nomenclature/Standards/188g10-en.pdf
189,FINNISH LAPPONIAN DOG,Nordic Watchdogs and Herders,,FINLAND,http://www.fci.be/en/nomenclature/FINNISH-LAPPONIAN-DOG-189.html,http://www.fci.be/Nomenclature/Illustrations/189g05-1.jpg,http://www.fci.be/Nomenclature/Standards/189g05-en.pdf
190,HOVAWART,Molossian type,,GERMANY,http://www.fci.be/en/nomenclature/HOVAWART-190.html,,http://www.fci.be/Nomenclature/Standards/190g02-en.pdf
191,BOUVIER DES FLANDRES,Cattledogs (except Swiss Cattledogs),,"BELGIUM, FRANCE",http://www.fci.be/en/nomenclature/BOUVIER-DES-FLANDRES-191.html,,http://www.fci.be/Nomenclature/Standards/191g01-en.pdf
192,KROMFOHRLÄNDER,Kromfohrländer,,GERMANY,http://www.fci.be/en/nomenclature/KROMFOHRLANDER-192.html,http://www.fci.be/Nomenclature/Illustrations/192g09.jpg,http://www.fci.be/Nomenclature/Standards/192g09-en.pdf
193,BORZOI - RUSSIAN HUNTING SIGHTHOUND,Long-haired or fringed Sighthounds,,RUSSIA,http://www.fci.be/en/nomenclature/BORZOI-RUSSIAN-HUNTING-SIGHTHOUND-193.html,http://www.fci.be/Nomenclature/Illustrations/193g10.jpg,http://www.fci.be/Nomenclature/Standards/193g10-en.pdf
194,BERGAMASCO SHEPHERD DOG,Sheepdogs,,ITALY,http://www.fci.be/en/nomenclature/BERGAMASCO-SHEPHERD-DOG-194.html,http://www.fci.be/Nomenclature/Illustrations/194g01-1.jpg,http://www.fci.be/Nomenclature/Standards/194g01-en.pdf
195,ITALIAN VOLPINO,European Spitz,,ITALY,http://www.fci.be/en/nomenclature/ITALIAN-VOLPINO-195.html,,http://www.fci.be/Nomenclature/Standards/195g05-en.pdf
196,BOLOGNESE,Bichons and related breeds,,ITALY,http://www.fci.be/en/nomenclature/BOLOGNESE-196.html,,http://www.fci.be/Nomenclature/Standards/196g09-en.pdf
197,NEAPOLITAN MASTIFF,Molossian type,,ITALY,http://www.fci.be/en/nomenclature/NEAPOLITAN-MASTIFF-197.html,,http://www.fci.be/Nomenclature/Standards/197g02-en.pdf
198,ITALIAN ROUGH-HAIRED SEGUGIO,Scent hounds,,ITALY,http://www.fci.be/en/nomenclature/ITALIAN-ROUGH-HAIRED-SEGUGIO-198.html,,http://www.fci.be/Nomenclature/Standards/198g06-en.pdf
199,CIRNECO DELL'ETNA,Primitive type - Hunting Dogs,,ITALY,http://www.fci.be/en/nomenclature/CIRNECO-DELL-ETNA-199.html,,http://www.fci.be/Nomenclature/Standards/199g05-en.pdf
200,ITALIAN SIGHTHOUND,Short-haired Sighthounds,,ITALY,http://www.fci.be/en/nomenclature/ITALIAN-SIGHTHOUND-200.html,,http://www.fci.be/Nomenclature/Standards/200g10-en.pdf
201,MAREMMA AND THE ABRUZZES SHEEPDOG,Sheepdogs,,ITALY,http://www.fci.be/en/nomenclature/MAREMMA-AND-THE-ABRUZZES-SHEEPDOG-201.html,,http://www.fci.be/Nomenclature/Standards/201g01-en.pdf
202,ITALIAN POINTING DOG,Continental Pointing Dogs,,ITALY,http://www.fci.be/en/nomenclature/ITALIAN-POINTING-DOG-202.html,http://www.fci.be/Nomenclature/Illustrations/202g07.jpg,http://www.fci.be/Nomenclature/Standards/202g07-en.pdf
203,NORWEGIAN HOUND,Scent hounds,,NORWAY,http://www.fci.be/en/nomenclature/NORWEGIAN-HOUND-203.html,http://www.fci.be/Nomenclature/Illustrations/203g06.jpg,http://www.fci.be/Nomenclature/Standards/203g06-en.pdf
204,SPANISH HOUND,Scent hounds,,SPAIN,http://www.fci.be/en/nomenclature/SPANISH-HOUND-204.html,,http://www.fci.be/Nomenclature/Standards/204g06-en.pdf
205,CHOW CHOW,Asian Spitz and related breeds,,CHINA,http://www.fci.be/en/nomenclature/CHOW-CHOW-205.html,http://www.fci.be/Nomenclature/Illustrations/205g05.jpg,http://www.fci.be/Nomenclature/Standards/205g05-en.pdf
206,JAPANESE CHIN,Japan Chin and Pekingese,,JAPAN,http://www.fci.be/en/nomenclature/JAPANESE-CHIN-206.html,http://www.fci.be/Nomenclature/Illustrations/206g09.jpg,http://www.fci.be/Nomenclature/Standards/206g09-en.pdf
207,PEKINGESE,Japan Chin and Pekingese,,CHINA,http://www.fci.be/en/nomenclature/PEKINGESE-207.html,http://www.fci.be/Nomenclature/Illustrations/207g09.jpg,http://www.fci.be/Nomenclature/Standards/207g09-en.pdf
208,SHIH TZU,Tibetan breeds,,Tibet (China),http://www.fci.be/en/nomenclature/SHIH-TZU-208.html,http://www.fci.be/Nomenclature/Illustrations/208g09.jpg,http://www.fci.be/Nomenclature/Standards/208g09-en.pdf
209,TIBETAN TERRIER,Tibetan breeds,,Tibet (China),http://www.fci.be/en/nomenclature/TIBETAN-TERRIER-209.html,http://www.fci.be/Nomenclature/Illustrations/209g09.jpg,http://www.fci.be/Nomenclature/Standards/209g09-en.pdf
211,CANADIAN ESKIMO DOG,Nordic Sledge Dogs,,CANADA,http://www.fci.be/en/nomenclature/CANADIAN-ESKIMO-DOG-211.html,http://www.fci.be/Nomenclature/Illustrations/211g05.jpg,http://www.fci.be/Nomenclature/Standards/211g05-en.pdf
212,SAMOYED,Nordic Sledge Dogs,,"NORTHERN RUSSIA, SIBERIA",http://www.fci.be/en/nomenclature/SAMOYED-212.html,http://www.fci.be/Nomenclature/Illustrations/212g05.jpg,http://www.fci.be/Nomenclature/Standards/212g05-en.pdf
213,HANOVERIAN SCENT HOUND,Leash (scent) Hounds,,GERMANY,http://www.fci.be/en/nomenclature/HANOVERIAN-SCENT-HOUND-213.html,http://www.fci.be/Nomenclature/Illustrations/213g06-1.jpg,http://www.fci.be/Nomenclature/Standards/213g06-en.pdf
214,HELLENIC HOUND,Scent hounds,,GREECE,http://www.fci.be/en/nomenclature/HELLENIC-HOUND-214.html,,http://www.fci.be/Nomenclature/Standards/214g06-en.pdf
215,BICHON FRISE,Bichons and related breeds,,"BELGIUM, FRANCE",http://www.fci.be/en/nomenclature/BICHON-FRISE-215.html,http://www.fci.be/Nomenclature/Illustrations/215g09-1.jpg,http://www.fci.be/Nomenclature/Standards/215g09-en.pdf
216,PUDELPOINTER,Continental Pointing Dogs,,GERMANY,http://www.fci.be/en/nomenclature/PUDELPOINTER-216.html,,http://www.fci.be/Nomenclature/Standards/216g07-en.pdf
217,BAVARIAN MOUNTAIN SCENT HOUND,Leash (scent) Hounds,,GERMANY,http://www.fci.be/en/nomenclature/BAVARIAN-MOUNTAIN-SCENT-HOUND-217.html,http://www.fci.be/Nomenclature/Illustrations/217g06-1.jpg,http://www.fci.be/Nomenclature/Standards/217g06-en.pdf
218,CHIHUAHUA,Chihuahueno,,MEXICO,http://www.fci.be/en/nomenclature/CHIHUAHUA-218.html,http://www.fci.be/Nomenclature/Illustrations/218g09-1.jpg,http://www.fci.be/Nomenclature/Standards/218g09-en.pdf
219,FRENCH TRICOLOUR HOUND,Scent hounds,,FRANCE,http://www.fci.be/en/nomenclature/FRENCH-TRICOLOUR-HOUND-219.html,,http://www.fci.be/Nomenclature/Standards/219g06-en.pdf
220,FRENCH WHITE & BLACK HOUND,Scent hounds,,FRANCE,http://www.fci.be/en/nomenclature/FRENCH-WHITE-BLACK-HOUND-220.html,http://www.fci.be/Nomenclature/Illustrations/220g06.jpg,http://www.fci.be/Nomenclature/Standards/220g06-en.pdf
221,FRISIAN WATER DOG,Water Dogs,,THE NETHERLANDS,http://www.fci.be/en/nomenclature/FRISIAN-WATER-DOG-221.html,,http://www.fci.be/Nomenclature/Standards/221g08-en.pdf
222,STABIJHOUN,Continental Pointing Dogs,,THE NETHERLANDS,http://www.fci.be/en/nomenclature/STABIJHOUN-222.html,http://www.fci.be/Nomenclature/Illustrations/222g07-1.jpg,http://www.fci.be/Nomenclature/Standards/222g07-en.pdf
223,DUTCH SHEPHERD DOG,Sheepdogs,,THE NETHERLANDS,http://www.fci.be/en/nomenclature/DUTCH-SHEPHERD-DOG-223.html,http://www.fci.be/Nomenclature/Illustrations/223g01-1.jpg,http://www.fci.be/Nomenclature/Standards/223g01-en.pdf
224,DRENTSCHE PARTRIDGE DOG,Continental Pointing Dogs,,THE NETHERLANDS,http://www.fci.be/en/nomenclature/DRENTSCHE-PARTRIDGE-DOG-224.html,http://www.fci.be/Nomenclature/Illustrations/224g07-1.jpg,http://www.fci.be/Nomenclature/Standards/224g07-en.pdf
225,FILA BRASILEIRO,Molossian type,,BRAZIL,http://www.fci.be/en/nomenclature/FILA-BRASILEIRO-225.html,http://www.fci.be/Nomenclature/Illustrations/225g02.jpg,http://www.fci.be/Nomenclature/Standards/225g02-en.pdf
226,LANDSEER (EUROPEAN CONTINENTAL TYPE),Molossian type,,"GERMANY, SWITZERLAND",http://www.fci.be/en/nomenclature/LANDSEER-EUROPEAN-CONTINENTAL-TYPE-226.html,,http://www.fci.be/Nomenclature/Standards/226g02-en.pdf
227,LHASA APSO,Tibetan breeds,,Tibet (China),http://www.fci.be/en/nomenclature/LHASA-APSO-227.html,http://www.fci.be/Nomenclature/Illustrations/227g09.jpg,http://www.fci.be/Nomenclature/Standards/227g09-en.pdf
228,AFGHAN HOUND,Long-haired or fringed Sighthounds,,AFGHANISTAN,http://www.fci.be/en/nomenclature/AFGHAN-HOUND-228.html,http://www.fci.be/Nomenclature/Illustrations/228g10.jpg,http://www.fci.be/Nomenclature/Standards/228g10-en.pdf
229,SERBIAN TRICOLOUR HOUND,Scent hounds,,SERBIA,http://www.fci.be/en/nomenclature/SERBIAN-TRICOLOUR-HOUND-229.html,http://www.fci.be/Nomenclature/Illustrations/229g06.jpg,http://www.fci.be/Nomenclature/Standards/229g06-en.pdf
230,TIBETAN MASTIFF,Molossian type,,Tibet (China),http://www.fci.be/en/nomenclature/TIBETAN-MASTIFF-230.html,,http://www.fci.be/Nomenclature/Standards/230g02-en.pdf
231,TIBETAN SPANIEL,Tibetan breeds,,Tibet (China),http://www.fci.be/en/nomenclature/TIBETAN-SPANIEL-231.html,http://www.fci.be/Nomenclature/Illustrations/231g09.jpg,http://www.fci.be/Nomenclature/Standards/231g09-en.pdf
232,DEUTSCH STICHELHAAR,Continental Pointing Dogs,,GERMANY,http://www.fci.be/en/nomenclature/DEUTSCH-STICHELHAAR-232.html,http://www.fci.be/Nomenclature/Illustrations/232g07.jpg,http://www.fci.be/Nomenclature/Standards/232g07-en.pdf
233,LITTLE LION DOG,Bichons and related breeds,,FRANCE,http://www.fci.be/en/nomenclature/LITTLE-LION-DOG-233.html,http://www.fci.be/Nomenclature/Illustrations/233g09.jpg,http://www.fci.be/Nomenclature/Standards/233g09-en.pdf
234,XOLOITZCUINTLE,Primitive type,,MEXICO,http://www.fci.be/en/nomenclature/XOLOITZCUINTLE-234.html,http://www.fci.be/Nomenclature/Illustrations/234g05-1.jpg,http://www.fci.be/Nomenclature/Standards/234g05-en.pdf
235,GREAT DANE,Molossian type,,GERMANY,http://www.fci.be/en/nomenclature/GREAT-DANE-235.html,http://www.fci.be/Nomenclature/Illustrations/235g02.jpg,http://www.fci.be/Nomenclature/Standards/235g02-en.pdf
236,AUSTRALIAN SILKY TERRIER,Toy Terriers,,AUSTRALIA,http://www.fci.be/en/nomenclature/AUSTRALIAN-SILKY-TERRIER-236.html,http://www.fci.be/Nomenclature/Illustrations/236g03.jpg,http://www.fci.be/Nomenclature/Standards/236g03-en.pdf
237,NORWEGIAN BUHUND,Nordic Watchdogs and Herders,,NORWAY,http://www.fci.be/en/nomenclature/NORWEGIAN-BUHUND-237.html,http://www.fci.be/Nomenclature/Illustrations/237g05.jpg,http://www.fci.be/Nomenclature/Standards/237g05-en.pdf
238,MUDI,Sheepdogs,,HUNGARY,http://www.fci.be/en/nomenclature/MUDI-238.html,http://www.fci.be/Nomenclature/Illustrations/238g01.jpg,http://www.fci.be/Nomenclature/Standards/238g01-en.pdf
239,HUNGARIAN WIRE-HAIRED POINTER,Continental Pointing Dogs,,HUNGARY,http://www.fci.be/en/nomenclature/HUNGARIAN-WIRE-HAIRED-POINTER-239.html,http://www.fci.be/Nomenclature/Illustrations/239g07.jpg,http://www.fci.be/Nomenclature/Standards/239g07-en.pdf
240,HUNGARIAN GREYHOUND,Short-haired Sighthounds,,HUNGARY,http://www.fci.be/en/nomenclature/HUNGARIAN-GREYHOUND-240.html,http://www.fci.be/Nomenclature/Illustrations/240g10.jpg,http://www.fci.be/Nomenclature/Standards/240g10-en.pdf
241,HUNGARIAN HOUND - TRANSYLVANIAN SCENT HOUND,Scent hounds,,HUNGARY,http://www.fci.be/en/nomenclature/HUNGARIAN-HOUND-TRANSYLVANIAN-SCENT-HOUND-241.html,http://www.fci.be/Nomenclature/Illustrations/241g06.jpg,http://www.fci.be/Nomenclature/Standards/241g06-en.pdf
242,NORWEGIAN ELKHOUND GREY,Nordic Hunting Dogs,,NORWAY,http://www.fci.be/en/nomenclature/NORWEGIAN-ELKHOUND-GREY-242.html,http://www.fci.be/Nomenclature/Illustrations/242g05.jpg,http://www.fci.be/Nomenclature/Standards/242g05-en.pdf
243,ALASKAN MALAMUTE,Nordic Sledge Dogs,,UNITED STATES OF AMERICA,http://www.fci.be/en/nomenclature/ALASKAN-MALAMUTE-243.html,,http://www.fci.be/Nomenclature/Standards/243g05-en.pdf
244,SLOVAKIAN HOUND,Scent hounds,,SLOVAKIA,http://www.fci.be/en/nomenclature/SLOVAKIAN-HOUND-244.html,,http://www.fci.be/Nomenclature/Standards/244g06-en.pdf
245,BOHEMIAN WIRE-HAIRED POINTING GRIFFON,Continental Pointing Dogs,,CZECH REPUBLIC,http://www.fci.be/en/nomenclature/BOHEMIAN-WIRE-HAIRED-POINTING-GRIFFON-245.html,,http://www.fci.be/Nomenclature/Standards/245g07-en.pdf
246,CESKY TERRIER,Small sized Terriers,,CZECH REPUBLIC,http://www.fci.be/en/nomenclature/CESKY-TERRIER-246.html,http://www.fci.be/Nomenclature/Illustrations/246g03.jpg,http://www.fci.be/Nomenclature/Standards/246g03-en.pdf
247,ATLAS MOUNTAIN DOG (AIDI),Molossian type,,MOROCCO,http://www.fci.be/en/nomenclature/ATLAS-MOUNTAIN-DOG-AIDI-247.html,,http://www.fci.be/Nomenclature/Standards/247g02-en.pdf
248,PHARAOH HOUND,Primitive type,,MALTA,http://www.fci.be/en/nomenclature/PHARAOH-HOUND-248.html,,http://www.fci.be/Nomenclature/Standards/248g05-en.pdf
249,MAJORCA MASTIFF,Molossian type,,SPAIN,http://www.fci.be/en/nomenclature/MAJORCA-MASTIFF-249.html,,http://www.fci.be/Nomenclature/Standards/249g02-en.pdf
250,HAVANESE,Bichons and related breeds,,CUBA,http://www.fci.be/en/nomenclature/HAVANESE-250.html,,http://www.fci.be/Nomenclature/Standards/250g09-en.pdf
251,POLISH LOWLAND SHEEPDOG,Sheepdogs,,POLAND,http://www.fci.be/en/nomenclature/POLISH-LOWLAND-SHEEPDOG-251.html,http://www.fci.be/Nomenclature/Illustrations/251g01.jpg,http://www.fci.be/Nomenclature/Standards/251g01-en.pdf
252,TATRA SHEPHERD DOG,Sheepdogs,,POLAND,http://www.fci.be/en/nomenclature/TATRA-SHEPHERD-DOG-252.html,http://www.fci.be/Nomenclature/Illustrations/252g01.jpg,http://www.fci.be/Nomenclature/Standards/252g01-en.pdf
253,PUG,Small Molossian type Dogs,,CHINA,http://www.fci.be/en/nomenclature/PUG-253.html,http://www.fci.be/Nomenclature/Illustrations/253g09.jpg,http://www.fci.be/Nomenclature/Standards/253g09-en.pdf
254,ALPINE DACHSBRACKE,Leash (scent) Hounds,,AUSTRIA,http://www.fci.be/en/nomenclature/ALPINE-DACHSBRACKE-254.html,,http://www.fci.be/Nomenclature/Standards/254g06-en.pdf
255,AKITA,Asian Spitz and related breeds,,JAPAN,http://www.fci.be/en/nomenclature/AKITA-255.html,http://www.fci.be/Nomenclature/Illustrations/255g05.jpg,http://www.fci.be/Nomenclature/Standards/255g05-en.pdf
257,SHIBA,Asian Spitz and related breeds,,JAPAN,http://www.fci.be/en/nomenclature/SHIBA-257.html,http://www.fci.be/Nomenclature/Illustrations/257g05.jpg,http://www.fci.be/Nomenclature/Standards/257g05-en.pdf
259,JAPANESE TERRIER,Small sized Terriers,,JAPAN,http://www.fci.be/en/nomenclature/JAPANESE-TERRIER-259.html,http://www.fci.be/Nomenclature/Illustrations/259g03.jpg,http://www.fci.be/Nomenclature/Standards/259g03-en.pdf
260,TOSA,Molossian type,,JAPAN,http://www.fci.be/en/nomenclature/TOSA-260.html,http://www.fci.be/Nomenclature/Illustrations/260g02.jpg,http://www.fci.be/Nomenclature/Standards/260g02-en.pdf
261,HOKKAIDO,Asian Spitz and related breeds,,JAPAN,http://www.fci.be/en/nomenclature/HOKKAIDO-261.html,http://www.fci.be/Nomenclature/Illustrations/261g05.jpg,http://www.fci.be/Nomenclature/Standards/261g05-en.pdf
262,JAPANESE SPITZ,Asian Spitz and related breeds,,JAPAN,http://www.fci.be/en/nomenclature/JAPANESE-SPITZ-262.html,http://www.fci.be/Nomenclature/Illustrations/262g05.jpg,http://www.fci.be/Nomenclature/Standards/262g05-en.pdf
263,CHESAPEAKE BAY RETRIEVER,Retrievers,,UNITED STATES OF AMERICA,http://www.fci.be/en/nomenclature/CHESAPEAKE-BAY-RETRIEVER-263.html,,http://www.fci.be/Nomenclature/Standards/263g08-en.pdf
264,MASTIFF,Molossian type,,GREAT BRITAIN,http://www.fci.be/en/nomenclature/MASTIFF-264.html,,http://www.fci.be/Nomenclature/Standards/264g02-en.pdf
265,NORWEGIAN LUNDEHUND,Nordic Hunting Dogs,,NORWAY,http://www.fci.be/en/nomenclature/NORWEGIAN-LUNDEHUND-265.html,http://www.fci.be/Nomenclature/Illustrations/265g05.jpg,http://www.fci.be/Nomenclature/Standards/265g05-en.pdf
266,HYGEN HOUND,Scent hounds,,NORWAY,http://www.fci.be/en/nomenclature/HYGEN-HOUND-266.html,http://www.fci.be/Nomenclature/Illustrations/266g06.jpg,http://www.fci.be/Nomenclature/Standards/266g06-en.pdf
267,HALDEN HOUND,Scent hounds,,NORWAY,http://www.fci.be/en/nomenclature/HALDEN-HOUND-267.html,http://www.fci.be/Nomenclature/Illustrations/267g06.jpg,http://www.fci.be/Nomenclature/Standards/267g06-en.pdf
268,NORWEGIAN ELKHOUND BLACK,Nordic Hunting Dogs,,NORWAY,http://www.fci.be/en/nomenclature/NORWEGIAN-ELKHOUND-BLACK-268.html,http://www.fci.be/Nomenclature/Illustrations/268g05.jpg,http://www.fci.be/Nomenclature/Standards/268g05-en.pdf
269,SALUKI,Long-haired or fringed Sighthounds,,MIDDLE EAST,http://www.fci.be/en/nomenclature/SALUKI-269.html,,http://www.fci.be/Nomenclature/Standards/269g10-en.pdf
270,SIBERIAN HUSKY,Nordic Sledge Dogs,,UNITED STATES OF AMERICA,http://www.fci.be/en/nomenclature/SIBERIAN-HUSKY-270.html,,http://www.fci.be/Nomenclature/Standards/270g05-en.pdf
271,BEARDED COLLIE,Sheepdogs,,GREAT BRITAIN,http://www.fci.be/en/nomenclature/BEARDED-COLLIE-271.html,http://www.fci.be/Nomenclature/Illustrations/271g01.jpg,http://www.fci.be/Nomenclature/Standards/271g01-en.pdf
272,NORFOLK TERRIER,Small sized Terriers,,GREAT BRITAIN,http://www.fci.be/en/nomenclature/NORFOLK-TERRIER-272.html,http://www.fci.be/Nomenclature/Illustrations/272g03.jpg,http://www.fci.be/Nomenclature/Standards/272g03-en.pdf
273,CANAAN DOG,Primitive type,,ISRAEL,http://www.fci.be/en/nomenclature/CANAAN-DOG-273.html,,http://www.fci.be/Nomenclature/Standards/273g05-en.pdf
274,GREENLAND DOG,Nordic Sledge Dogs,,GREENLAND,http://www.fci.be/en/nomenclature/GREENLAND-DOG-274.html,http://www.fci.be/Nomenclature/Illustrations/274g05.jpg,http://www.fci.be/Nomenclature/Standards/274g05-en.pdf
276,NORRBOTTENSPITZ,Nordic Hunting Dogs,,SWEDEN,http://www.fci.be/en/nomenclature/NORRBOTTENSPITZ-276.html,http://www.fci.be/Nomenclature/Illustrations/276g05.jpg,http://www.fci.be/Nomenclature/Standards/276g05-en.pdf
277,CROATIAN SHEPHERD DOG,Sheepdogs,,CROATIA,http://www.fci.be/en/nomenclature/CROATIAN-SHEPHERD-DOG-277.html,http://www.fci.be/Nomenclature/Illustrations/277g01.jpg,http://www.fci.be/Nomenclature/Standards/277g01-en.pdf
278,KARST SHEPHERD DOG,Molossian type,,SLOVENIA,http://www.fci.be/en/nomenclature/KARST-SHEPHERD-DOG-278.html,http://www.fci.be/Nomenclature/Illustrations/278g02.jpg,http://www.fci.be/Nomenclature/Standards/278g02-en.pdf
279,MONTENEGRIN MOUNTAIN HOUND,Scent hounds,,MONTENEGRO,http://www.fci.be/en/nomenclature/MONTENEGRIN-MOUNTAIN-HOUND-279.html,http://www.fci.be/Nomenclature/Illustrations/279g06.jpg,http://www.fci.be/Nomenclature/Standards/279g06-en.pdf
281,OLD DANISH POINTING DOG,Continental Pointing Dogs,,DENMARK,http://www.fci.be/en/nomenclature/OLD-DANISH-POINTING-DOG-281.html,,http://www.fci.be/Nomenclature/Standards/281g07-en.pdf
282,GRAND GRIFFON VENDEEN,Scent hounds,,FRANCE,http://www.fci.be/en/nomenclature/GRAND-GRIFFON-VENDEEN-282.html,http://www.fci.be/Nomenclature/Illustrations/282g06.jpg,http://www.fci.be/Nomenclature/Standards/282g06-en.pdf
283,COTON DE TULEAR,Bichons and related breeds,,MADAGASCAR,http://www.fci.be/en/nomenclature/COTON-DE-TULEAR-283.html,,http://www.fci.be/Nomenclature/Standards/283g09-en.pdf
284,LAPPONIAN HERDER,Nordic Watchdogs and Herders,,FINLAND,http://www.fci.be/en/nomenclature/LAPPONIAN-HERDER-284.html,,http://www.fci.be/Nomenclature/Standards/284g05-en.pdf
285,SPANISH GREYHOUND,Short-haired Sighthounds,,SPAIN,http://www.fci.be/en/nomenclature/SPANISH-GREYHOUND-285.html,,http://www.fci.be/Nomenclature/Standards/285g10-en.pdf
286,AMERICAN STAFFORDSHIRE TERRIER,Bull type Terriers,,UNITED STATES OF AMERICA,http://www.fci.be/en/nomenclature/AMERICAN-STAFFORDSHIRE-TERRIER-286.html,,http://www.fci.be/Nomenclature/Standards/286g03-en.pdf
287,AUSTRALIAN CATTLE DOG,Cattledogs (except Swiss Cattledogs),,AUSTRALIA,http://www.fci.be/en/nomenclature/AUSTRALIAN-CATTLE-DOG-287.html,http://www.fci.be/Nomenclature/Illustrations/287g01.jpg,http://www.fci.be/Nomenclature/Standards/287g01-en.pdf
288,CHINESE CRESTED DOG,Hairless Dogs,,CHINA,http://www.fci.be/en/nomenclature/CHINESE-CRESTED-DOG-288.html,http://www.fci.be/Nomenclature/Illustrations/288g09.jpg,http://www.fci.be/Nomenclature/Standards/288g09-en.pdf
289,ICELANDIC SHEEPDOG,Nordic Watchdogs and Herders,,ICELAND,http://www.fci.be/en/nomenclature/ICELANDIC-SHEEPDOG-289.html,http://www.fci.be/Nomenclature/Illustrations/289g05.jpg,http://www.fci.be/Nomenclature/Standards/289g05-en.pdf
290,BEAGLE HARRIER,Scent hounds,,FRANCE,http://www.fci.be/en/nomenclature/BEAGLE-HARRIER-290.html,,http://www.fci.be/Nomenclature/Standards/290g06-en.pdf
291,EURASIAN,Asian Spitz and related breeds,,GERMANY,http://www.fci.be/en/nomenclature/EURASIAN-291.html,http://www.fci.be/Nomenclature/Illustrations/291g05.jpg,http://www.fci.be/Nomenclature/Standards/291g05-en.pdf
292,DOGO ARGENTINO,Molossian type,,ARGENTINA,http://www.fci.be/en/nomenclature/DOGO-ARGENTINO-292.html,http://www.fci.be/Nomenclature/Illustrations/292g02.jpg,http://www.fci.be/Nomenclature/Standards/292g02-en.pdf
293,AUSTRALIAN KELPIE,Sheepdogs,,AUSTRALIA,http://www.fci.be/en/nomenclature/AUSTRALIAN-KELPIE-293.html,http://www.fci.be/Nomenclature/Illustrations/293g01.jpg,http://www.fci.be/Nomenclature/Standards/293g01-en.pdf
294,OTTERHOUND,Scent hounds,,GREAT BRITAIN,http://www.fci.be/en/nomenclature/OTTERHOUND-294.html,http://www.fci.be/Nomenclature/Illustrations/294g06.jpg,http://www.fci.be/Nomenclature/Standards/294g06-en.pdf
295,HARRIER,Scent hounds,,GREAT BRITAIN,http://www.fci.be/en/nomenclature/HARRIER-295.html,,http://www.fci.be/Nomenclature/Standards/295g06-en.pdf
296,COLLIE SMOOTH,Sheepdogs,,GREAT BRITAIN,http://www.fci.be/en/nomenclature/COLLIE-SMOOTH-296.html,http://www.fci.be/Nomenclature/Illustrations/296g01.jpg,http://www.fci.be/Nomenclature/Standards/296g01-en.pdf
297,BORDER COLLIE,Sheepdogs,,GREAT BRITAIN,http://www.fci.be/en/nomenclature/BORDER-COLLIE-297.html,http://www.fci.be/Nomenclature/Illustrations/297g01.jpg,http://www.fci.be/Nomenclature/Standards/297g01-en.pdf
298,ROMAGNA WATER DOG,Water Dogs,,ITALY,http://www.fci.be/en/nomenclature/ROMAGNA-WATER-DOG-298.html,http://www.fci.be/Nomenclature/Illustrations/298g08-1.jpg,http://www.fci.be/Nomenclature/Standards/298g08-en.pdf
299,GERMAN HOUND,Scent hounds,,GERMANY,http://www.fci.be/en/nomenclature/GERMAN-HOUND-299.html,,http://www.fci.be/Nomenclature/Standards/299g06-en.pdf
300,BLACK AND TAN COONHOUND,Scent hounds,,UNITED STATES OF AMERICA,http://www.fci.be/en/nomenclature/BLACK-AND-TAN-COONHOUND-300.html,http://www.fci.be/Nomenclature/Illustrations/300g06.jpg,http://www.fci.be/Nomenclature/Standards/300g06-en.pdf
301,AMERICAN WATER SPANIEL,Water Dogs,,UNITED STATES OF AMERICA,http://www.fci.be/en/nomenclature/AMERICAN-WATER-SPANIEL-301.html,,http://www.fci.be/Nomenclature/Standards/301g08-en.pdf
302,IRISH GLEN OF IMAAL TERRIER,Large and medium sized Terriers,,IRELAND,http://www.fci.be/en/nomenclature/IRISH-GLEN-OF-IMAAL-TERRIER-302.html,,http://www.fci.be/Nomenclature/Standards/302g03-en.pdf
303,AMERICAN FOXHOUND,Scent hounds,,UNITED STATES OF AMERICA,http://www.fci.be/en/nomenclature/AMERICAN-FOXHOUND-303.html,,http://www.fci.be/Nomenclature/Standards/303g06-en.pdf
304,RUSSIAN-EUROPEAN LAIKA,Nordic Hunting Dogs,,RUSSIA,http://www.fci.be/en/nomenclature/RUSSIAN-EUROPEAN-LAIKA-304.html,,http://www.fci.be/Nomenclature/Standards/304g05-en.pdf
305,EAST SIBERIAN LAIKA,Nordic Hunting Dogs,,RUSSIA,http://www.fci.be/en/nomenclature/EAST-SIBERIAN-LAIKA-305.html,http://www.fci.be/Nomenclature/Illustrations/305g05-1.jpg,http://www.fci.be/Nomenclature/Standards/305g05-en.pdf
306,WEST SIBERIAN LAIKA,Nordic Hunting Dogs,,RUSSIA,http://www.fci.be/en/nomenclature/WEST-SIBERIAN-LAIKA-306.html,,http://www.fci.be/Nomenclature/Standards/306g05-en.pdf
307,AZAWAKH,Short-haired Sighthounds,,MALI,http://www.fci.be/en/nomenclature/AZAWAKH-307.html,http://www.fci.be/Nomenclature/Illustrations/307g10-1.jpg,http://www.fci.be/Nomenclature/Standards/307g10-en.pdf
308,DUTCH SMOUSHOND,Pinscher and Schnauzer type,,THE NETHERLANDS,http://www.fci.be/en/nomenclature/DUTCH-SMOUSHOND-308.html,,http://www.fci.be/Nomenclature/Standards/308g02-en.pdf
309,SHAR PEI,Molossian type,,CHINA,http://www.fci.be/en/nomenclature/SHAR-PEI-309.html,,http://www.fci.be/Nomenclature/Standards/309g02-en.pdf
310,PERUVIAN HAIRLESS DOG,Primitive type,,PERU,http://www.fci.be/en/nomenclature/PERUVIAN-HAIRLESS-DOG-310.html,http://www.fci.be/Nomenclature/Illustrations/310g05.jpg,http://www.fci.be/Nomenclature/Standards/310g05-en.pdf
311,SAARLOOS WOLFHOND,Sheepdogs,,THE NETHERLANDS,http://www.fci.be/en/nomenclature/SAARLOOS-WOLFHOND-311.html,http://www.fci.be/Nomenclature/Illustrations/311g01-1.jpg,http://www.fci.be/Nomenclature/Standards/311g01-en.pdf
312,NOVA SCOTIA DUCK TOLLING RETRIEVER,Retrievers,,CANADA,http://www.fci.be/en/nomenclature/NOVA-SCOTIA-DUCK-TOLLING-RETRIEVER-312.html,,http://www.fci.be/Nomenclature/Standards/312g08-en.pdf
313,DUTCH SCHAPENDOES,Sheepdogs,,THE NETHERLANDS,http://www.fci.be/en/nomenclature/DUTCH-SCHAPENDOES-313.html,http://www.fci.be/Nomenclature/Illustrations/313g01.jpg,http://www.fci.be/Nomenclature/Standards/313g01-en.pdf
314,NEDERLANDSE KOOIKERHONDJE,Flushing Dogs,,THE NETHERLANDS,http://www.fci.be/en/nomenclature/NEDERLANDSE-KOOIKERHONDJE-314.html,http://www.fci.be/Nomenclature/Illustrations/314g08-1.jpg,http://www.fci.be/Nomenclature/Standards/314g08-en.pdf
315,BROHOLMER,Molossian type,,DENMARK,http://www.fci.be/en/nomenclature/BROHOLMER-315.html,http://www.fci.be/Nomenclature/Illustrations/315g02.jpg,http://www.fci.be/Nomenclature/Standards/315g02-en.pdf
316,FRENCH WHITE AND ORANGE HOUND,Scent hounds,,FRANCE,http://www.fci.be/en/nomenclature/FRENCH-WHITE-AND-ORANGE-HOUND-316.html,,http://www.fci.be/Nomenclature/Standards/316g06-en.pdf
317,KAI,Asian Spitz and related breeds,,JAPAN,http://www.fci.be/en/nomenclature/KAI-317.html,http://www.fci.be/Nomenclature/Illustrations/317g05.jpg,http://www.fci.be/Nomenclature/Standards/317g05-en.pdf
318,KISHU,Asian Spitz and related breeds,,JAPAN,http://www.fci.be/en/nomenclature/KISHU-318.html,http://www.fci.be/Nomenclature/Illustrations/318g05.jpg,http://www.fci.be/Nomenclature/Standards/318g05-en.pdf
319,SHIKOKU,Asian Spitz and related breeds,,JAPAN,http://www.fci.be/en/nomenclature/SHIKOKU-319.html,http://www.fci.be/Nomenclature/Illustrations/319g05.jpg,http://www.fci.be/Nomenclature/Standards/319g05-en.pdf
320,WIREHAIRED SLOVAKIAN POINTER,Continental Pointing Dogs,,SLOVAKIA,http://www.fci.be/en/nomenclature/WIREHAIRED-SLOVAKIAN-POINTER-320.html,,http://www.fci.be/Nomenclature/Standards/320g07-en.pdf
321,MAJORCA SHEPHERD DOG,Sheepdogs,,SPAIN,http://www.fci.be/en/nomenclature/MAJORCA-SHEPHERD-DOG-321.html,,
322,GREAT ANGLO-FRENCH TRICOLOUR HOUND,Scent hounds,,FRANCE,http://www.fci.be/en/nomenclature/GREAT-ANGLO-FRENCH-TRICOLOUR-HOUND-322.html,,http://www.fci.be/Nomenclature/Standards/322g06-en.pdf
323,GREAT ANGLO-FRENCH WHITE AND BLACK HOUND,Scent hounds,,FRANCE,http://www.fci.be/en/nomenclature/GREAT-ANGLO-FRENCH-WHITE-AND-BLACK-HOUND-323.html,http://www.fci.be/Nomenclature/Illustrations/323g06.jpg,http://www.fci.be/Nomenclature/Standards/323g06-en.pdf
324,GREAT ANGLO-FRENCH WHITE & ORANGE HOUND,Scent hounds,,FRANCE,http://www.fci.be/en/nomenclature/GREAT-ANGLO-FRENCH-WHITE-ORANGE-HOUND-324.html,,http://www.fci.be/Nomenclature/Standards/324g06-en.pdf
325,MEDIUM-SIZED ANGLO-FRENCH HOUND,Scent hounds,,FRANCE,http://www.fci.be/en/nomenclature/MEDIUM-SIZED-ANGLO-FRENCH-HOUND-325.html,,http://www.fci.be/Nomenclature/Standards/325g06-en.pdf
326,SOUTH RUSSIAN SHEPHERD DOG,Sheepdogs,,RUSSIA,http://www.fci.be/en/nomenclature/SOUTH-RUSSIAN-SHEPHERD-DOG-326.html,,http://www.fci.be/Nomenclature/Standards/326g01-en.pdf
327,RUSSIAN BLACK TERRIER,Pinscher and Schnauzer type,,RUSSIA,http://www.fci.be/en/nomenclature/RUSSIAN-BLACK-TERRIER-327.html,,http://www.fci.be/Nomenclature/Standards/327g02-en.pdf
328,CAUCASIAN SHEPHERD DOG,Molossian type,,RUSSIA,http://www.fci.be/en/nomenclature/CAUCASIAN-SHEPHERD-DOG-328.html,http://www.fci.be/Nomenclature/Illustrations/328g02.jpg,http://www.fci.be/Nomenclature/Standards/328g02-en.pdf
329,CANARIAN WARREN HOUND,Primitive type - Hunting Dogs,,SPAIN,http://www.fci.be/en/nomenclature/CANARIAN-WARREN-HOUND-329.html,http://www.fci.be/Nomenclature/Illustrations/329g05.jpg,http://www.fci.be/Nomenclature/Standards/329g05-en.pdf
330,IRISH RED AND WHITE SETTER,British and Irish Pointers and Setters,,IRELAND,http://www.fci.be/en/nomenclature/IRISH-RED-AND-WHITE-SETTER-330.html,,http://www.fci.be/Nomenclature/Standards/330g07-en.pdf
331,KANGAL SHEPHERD DOG,Molossian type,,TURKEY,http://www.fci.be/en/nomenclature/KANGAL-SHEPHERD-DOG-331.html,http://www.fci.be/Nomenclature/Illustrations/331g02.jpg,http://www.fci.be/Nomenclature/Standards/331g02-en.pdf
332,CZECHOSLOVAKIAN WOLFDOG,Sheepdogs,,SLOVAKIA,http://www.fci.be/en/nomenclature/CZECHOSLOVAKIAN-WOLFDOG-332.html,,http://www.fci.be/Nomenclature/Standards/332g01-en.pdf
333,POLISH GREYHOUND,Short-haired Sighthounds,,POLAND,http://www.fci.be/en/nomenclature/POLISH-GREYHOUND-333.html,,http://www.fci.be/Nomenclature/Standards/333g10-en.pdf
334,KOREA JINDO DOG,Asian Spitz and related breeds,,REPUBLIC OF KOREA,http://www.fci.be/en/nomenclature/KOREA-JINDO-DOG-334.html,http://www.fci.be/Nomenclature/Illustrations/334g05.jpg,http://www.fci.be/Nomenclature/Standards/334g05-en.pdf
335,CENTRAL ASIA SHEPHERD DOG,Molossian type,,RUSSIA,http://www.fci.be/en/nomenclature/CENTRAL-ASIA-SHEPHERD-DOG-335.html,http://www.fci.be/Nomenclature/Illustrations/335g02-1.jpg,http://www.fci.be/Nomenclature/Standards/335g02-en.pdf
336,SPANISH WATER DOG,Water Dogs,,SPAIN,http://www.fci.be/en/nomenclature/SPANISH-WATER-DOG-336.html,,http://www.fci.be/Nomenclature/Standards/336g08-en.pdf
337,ITALIAN SHORT-HAIRED SEGUGIO,Scent hounds,,ITALY,http://www.fci.be/en/nomenclature/ITALIAN-SHORT-HAIRED-SEGUGIO-337.html,http://www.fci.be/Nomenclature/Illustrations/337g06.jpg,http://www.fci.be/Nomenclature/Standards/337g06-en.pdf
338,THAI RIDGEBACK DOG,Primitive type - Hunting Dogs,,THAILAND,http://www.fci.be/en/nomenclature/THAI-RIDGEBACK-DOG-338.html,,http://www.fci.be/Nomenclature/Standards/338g05-en.pdf
339,PARSON RUSSELL TERRIER,Large and medium sized Terriers,,GREAT BRITAIN,http://www.fci.be/en/nomenclature/PARSON-RUSSELL-TERRIER-339.html,http://www.fci.be/Nomenclature/Illustrations/339g03.jpg,http://www.fci.be/Nomenclature/Standards/339g03-en.pdf
340,SAINT MIGUEL CATTLE DOG,Molossian type,,PORTUGAL,http://www.fci.be/en/nomenclature/SAINT-MIGUEL-CATTLE-DOG-340.html,,http://www.fci.be/Nomenclature/Standards/340g02-en.pdf
341,BRAZILIAN TERRIER,Large and medium sized Terriers,,BRAZIL,http://www.fci.be/en/nomenclature/BRAZILIAN-TERRIER-341.html,http://www.fci.be/Nomenclature/Illustrations/341g03.jpg,http://www.fci.be/Nomenclature/Standards/341g03-en.pdf
342,AUSTRALIAN SHEPHERD,Sheepdogs,,UNITED STATES OF AMERICA,http://www.fci.be/en/nomenclature/AUSTRALIAN-SHEPHERD-342.html,,http://www.fci.be/Nomenclature/Standards/342g01-en.pdf
343,ITALIAN CANE CORSO,Molossian type,,ITALY,http://www.fci.be/en/nomenclature/ITALIAN-CANE-CORSO-343.html,http://www.fci.be/Nomenclature/Illustrations/343g02.jpg,http://www.fci.be/Nomenclature/Standards/343g02-en.pdf
344,AMERICAN AKITA,Asian Spitz and related breeds,,JAPAN,http://www.fci.be/en/nomenclature/AMERICAN-AKITA-344.html,,http://www.fci.be/Nomenclature/Standards/344g05-en.pdf
345,JACK RUSSELL TERRIER,Small sized Terriers,,GREAT BRITAIN,http://www.fci.be/en/nomenclature/JACK-RUSSELL-TERRIER-345.html,http://www.fci.be/Nomenclature/Illustrations/345g03-2.jpg,http://www.fci.be/Nomenclature/Standards/345g03-en.pdf
346,DOGO CANARIO,Molossian type,,SPAIN,http://www.fci.be/en/nomenclature/DOGO-CANARIO-346.html,,http://www.fci.be/Nomenclature/Standards/346g02-en.pdf
347,WHITE SWISS SHEPHERD DOG,Sheepdogs,,SWITZERLAND,http://www.fci.be/en/nomenclature/WHITE-SWISS-SHEPHERD-DOG-347.html,http://www.fci.be/Nomenclature/Illustrations/347g01-1.jpg,http://www.fci.be/Nomenclature/Standards/347g01-en.pdf
348,TAIWAN DOG,Primitive type - Hunting Dogs,,TAIWAN,http://www.fci.be/en/nomenclature/TAIWAN-DOG-348.html,,http://www.fci.be/Nomenclature/Standards/348g05-en.pdf
349,ROMANIAN MIORITIC SHEPHERD DOG,Sheepdogs,,ROMANIA,http://www.fci.be/en/nomenclature/ROMANIAN-MIORITIC-SHEPHERD-DOG-349.html,,http://www.fci.be/Nomenclature/Standards/349g01-en.pdf
350,ROMANIAN CARPATHIAN SHEPHERD DOG,Sheepdogs,,ROMANIA,http://www.fci.be/en/nomenclature/ROMANIAN-CARPATHIAN-SHEPHERD-DOG-350.html,http://www.fci.be/Nomenclature/Illustrations/350g01.jpg,http://www.fci.be/Nomenclature/Standards/350g01-en.pdf
351,AUSTRALIAN STUMPY TAIL CATTLE DOG,Cattledogs (except Swiss Cattledogs),7/6/2005,AUSTRALIA,http://www.fci.be/en/nomenclature/AUSTRALIAN-STUMPY-TAIL-CATTLE-DOG-351.html,,http://www.fci.be/Nomenclature/Standards/351g01-en.pdf
352,RUSSIAN TOY,Continental Toy Spaniel and Russian Toy,,RUSSIA,http://www.fci.be/en/nomenclature/RUSSIAN-TOY-352.html,http://www.fci.be/Nomenclature/Illustrations/352g09-1.jpg,http://www.fci.be/Nomenclature/Standards/352g09-en.pdf
353,CIMARRÓN URUGUAYO,Molossian type,,URUGUAY,http://www.fci.be/en/nomenclature/CIMARRON-URUGUAYO-353.html,,http://www.fci.be/Nomenclature/Standards/353g02-en.pdf
354,POLISH HUNTING DOG,Scent hounds,,POLAND,http://www.fci.be/en/nomenclature/POLISH-HUNTING-DOG-354.html,,http://www.fci.be/Nomenclature/Standards/354g06-en.pdf
355,BOSNIAN AND HERZEGOVINIAN - CROATIAN SHEPHERD DOG,Molossian type,,"BOSNIA AND HERZEGOVINA, CROATIA",http://www.fci.be/en/nomenclature/BOSNIAN-AND-HERZEGOVINIAN-CROATIAN-SHEPHERD-DOG-355.html,,http://www.fci.be/Nomenclature/Standards/355g02-en.pdf
356,DANISH-SWEDISH FARMDOG,Pinscher and Schnauzer type,7/5/2008,"DENMARK, SWEDEN",http://www.fci.be/en/nomenclature/DANISH-SWEDISH-FARMDOG-356.html,http://www.fci.be/Nomenclature/Illustrations/356g02.jpg,http://www.fci.be/Nomenclature/Standards/356g02-en.pdf
357,ROMANIAN BUCOVINA SHEPHERD,Molossian type,3/26/2009,ROMANIA,http://www.fci.be/en/nomenclature/ROMANIAN-BUCOVINA-SHEPHERD-357.html,http://www.fci.be/Nomenclature/Illustrations/357g02.jpg,http://www.fci.be/Nomenclature/Standards/357g02-en.pdf
358,THAI BANGKAEW DOG,Asian Spitz and related breeds,4/14/2011,THAILAND,http://www.fci.be/en/nomenclature/THAI-BANGKAEW-DOG-358.html,http://www.fci.be/Nomenclature/Illustrations/358g05.jpg,http://www.fci.be/Nomenclature/Standards/358g05-en.pdf
359,MINIATURE BULL TERRIER,Bull type Terriers,,GREAT BRITAIN,http://www.fci.be/en/nomenclature/MINIATURE-BULL-TERRIER-359.html,http://www.fci.be/Nomenclature/Illustrations/359g03.jpg,http://www.fci.be/Nomenclature/Standards/359g03-en.pdf
360,LANCASHIRE HEELER,Sheepdogs,5/1/2016,ENGLAND,http://www.fci.be/en/nomenclature/LANCASHIRE-HEELER-360.html,http://www.fci.be/Nomenclature/Illustrations/360g01.jpg,http://www.fci.be/Nomenclature/Standards/360g01-en.pdf
361,SEGUGIO MAREMMANO,Scent hounds,3/1/2018,ITALY,http://www.fci.be/en/nomenclature/SEGUGIO-MAREMMANO-361.html,http://www.fci.be/Nomenclature/Illustrations/361g06-1.jpg,http://www.fci.be/Nomenclature/Standards/361g06-en.pdf
